country;year;IQ.SCI.OVRL;
Arab World;2018;;
Arab World;2017;;
Arab World;2016;;
Arab World;2015;;
Arab World;2014;;
Arab World;2013;;
Arab World;2012;;
Arab World;2011;;
Arab World;2010;;
Caribbean small states;2018;57.2222166666667;
Caribbean small states;2017;58.8888833333333;
Caribbean small states;2016;69.4444333333333;
Caribbean small states;2015;67.2222333333333;
Caribbean small states;2014;70.5555555555556;
Caribbean small states;2013;74.4444444444444;
Caribbean small states;2012;73.3333333333333;
Caribbean small states;2011;76.11111;
Caribbean small states;2010;72.7777766666667;
Central Europe and the Baltics;2018;;
Central Europe and the Baltics;2017;;
Central Europe and the Baltics;2016;;
Central Europe and the Baltics;2015;;
Central Europe and the Baltics;2014;;
Central Europe and the Baltics;2013;;
Central Europe and the Baltics;2012;;
Central Europe and the Baltics;2011;;
Central Europe and the Baltics;2010;;
Early-demographic dividend;2018;69.178747826087;
Early-demographic dividend;2017;67.4154630434783;
Early-demographic dividend;2016;67.343002173913;
Early-demographic dividend;2015;69.0096724637681;
Early-demographic dividend;2014;68.4299516908213;
Early-demographic dividend;2013;66.7149758454106;
Early-demographic dividend;2012;67.1980677536232;
Early-demographic dividend;2011;68.3574879710145;
Early-demographic dividend;2010;68.4178745652174;
East Asia & Pacific;2018;;
East Asia & Pacific;2017;;
East Asia & Pacific;2016;;
East Asia & Pacific;2015;;
East Asia & Pacific;2014;;
East Asia & Pacific;2013;;
East Asia & Pacific;2012;;
East Asia & Pacific;2011;;
East Asia & Pacific;2010;;
East Asia & Pacific (excluding high income);2018;77.4999972222222;
East Asia & Pacific (excluding high income);2017;73.7036972222222;
East Asia & Pacific (excluding high income);2016;73.3333305555555;
East Asia & Pacific (excluding high income);2015;72.0370388888889;
East Asia & Pacific (excluding high income);2014;71.3888888888889;
East Asia & Pacific (excluding high income);2013;68.8888888888889;
East Asia & Pacific (excluding high income);2012;67.4074072222222;
East Asia & Pacific (excluding high income);2011;69.1666666666667;
East Asia & Pacific (excluding high income);2010;69.3518519444444;
East Asia & Pacific (IDA & IBRD countries);2018;77.4999972222222;
East Asia & Pacific (IDA & IBRD countries);2017;73.7036972222222;
East Asia & Pacific (IDA & IBRD countries);2016;73.3333305555555;
East Asia & Pacific (IDA & IBRD countries);2015;72.0370388888889;
East Asia & Pacific (IDA & IBRD countries);2014;71.3888888888889;
East Asia & Pacific (IDA & IBRD countries);2013;68.8888888888889;
East Asia & Pacific (IDA & IBRD countries);2012;67.4074072222222;
East Asia & Pacific (IDA & IBRD countries);2011;69.1666666666667;
East Asia & Pacific (IDA & IBRD countries);2010;69.3518519444444;
Euro area;2018;;
Euro area;2017;;
Euro area;2016;;
Euro area;2015;;
Euro area;2014;;
Euro area;2013;;
Euro area;2012;;
Euro area;2011;;
Euro area;2010;;
Europe & Central Asia;2018;;
Europe & Central Asia;2017;;
Europe & Central Asia;2016;;
Europe & Central Asia;2015;;
Europe & Central Asia;2014;;
Europe & Central Asia;2013;;
Europe & Central Asia;2012;;
Europe & Central Asia;2011;;
Europe & Central Asia;2010;;
Europe & Central Asia (excluding high income);2018;77.8611183333333;
Europe & Central Asia (excluding high income);2017;78.888895;
Europe & Central Asia (excluding high income);2016;77.7777833333333;
Europe & Central Asia (excluding high income);2015;77.277785;
Europe & Central Asia (excluding high income);2014;78.0611111111111;
Europe & Central Asia (excluding high income);2013;78.1111111111111;
Europe & Central Asia (excluding high income);2012;80.9356722222222;
Europe & Central Asia (excluding high income);2011;80.9356728070176;
Europe & Central Asia (excluding high income);2010;80.4677195321637;
Europe & Central Asia (IDA & IBRD countries);2018;78.0555621212121;
Europe & Central Asia (IDA & IBRD countries);2017;79.0404106060606;
Europe & Central Asia (IDA & IBRD countries);2016;77.9293;
Europe & Central Asia (IDA & IBRD countries);2015;77.7777863636364;
Europe & Central Asia (IDA & IBRD countries);2014;78.3383838383838;
Europe & Central Asia (IDA & IBRD countries);2013;78.8383838383838;
Europe & Central Asia (IDA & IBRD countries);2012;81.2698410582011;
Europe & Central Asia (IDA & IBRD countries);2011;81.2698415873016;
Europe & Central Asia (IDA & IBRD countries);2010;80.8993652910053;
European Union;2018;;
European Union;2017;;
European Union;2016;;
European Union;2015;;
European Union;2014;;
European Union;2013;;
European Union;2012;;
European Union;2011;;
European Union;2010;;
Fragile and conflict affected situations;2018;54.543655952381;
Fragile and conflict affected situations;2017;52.9761904761905;
Fragile and conflict affected situations;2016;52.500005952381;
Fragile and conflict affected situations;2015;53.492069047619;
Fragile and conflict affected situations;2014;51.9246031746032;
Fragile and conflict affected situations;2013;51.7261904761905;
Fragile and conflict affected situations;2012;52.5641024358974;
Fragile and conflict affected situations;2011;51.1111108641975;
Fragile and conflict affected situations;2010;49.3621401234568;
Heavily indebted poor countries (HIPC);2018;63.5873142857143;
Heavily indebted poor countries (HIPC);2017;61.6190590476191;
Heavily indebted poor countries (HIPC);2016;61.9682704761905;
Heavily indebted poor countries (HIPC);2015;62.0000152380952;
Heavily indebted poor countries (HIPC);2014;60.3492063492064;
Heavily indebted poor countries (HIPC);2013;60.7936507936508;
Heavily indebted poor countries (HIPC);2012;59.7777776190476;
Heavily indebted poor countries (HIPC);2011;59.1049382407407;
Heavily indebted poor countries (HIPC);2010;58.8271606481482;
High income;2018;;
High income;2017;;
High income;2016;;
High income;2015;;
High income;2014;;
High income;2013;;
High income;2012;;
High income;2011;;
High income;2010;;
IBRD only;2018;74.8888933333333;
IBRD only;2017;75.074075;
IBRD only;2016;75.500005;
IBRD only;2015;75.0926;
IBRD only;2014;74.6314814814815;
IBRD only;2013;74.4259259259259;
IBRD only;2012;74.9444444259259;
IBRD only;2011;76.4406780225989;
IBRD only;2010;75.8850848775895;
IDA & IBRD total;2018;69.8067695652174;
IDA & IBRD total;2017;68.8019365217391;
IDA & IBRD total;2016;69.1304428985507;
IDA & IBRD total;2015;69.1111211594203;
IDA & IBRD total;2014;68.3053140096618;
IDA & IBRD total;2013;67.8115942028985;
IDA & IBRD total;2012;68.4857422910521;
IDA & IBRD total;2011;69.0265486430679;
IDA & IBRD total;2010;68.7364603048181;
IDA blend;2018;67.8787878787879;
IDA blend;2017;64.1414121212121;
IDA blend;2016;65.1515090909091;
IDA blend;2015;63.4343484848485;
IDA blend;2014;64.2424242424242;
IDA blend;2013;62.020202020202;
IDA blend;2012;61.6161609090909;
IDA blend;2011;62.8282821212121;
IDA blend;2010;63.333333030303;
IDA only;2018;63.3585962121212;
IDA only;2017;61.4141515151515;
IDA only;2016;61.4394098484848;
IDA only;2015;62.3737522727273;
IDA only;2014;60.6944444444444;
IDA only;2013;60.239898989899;
IDA only;2012;61.058201031746;
IDA only;2011;60.4392765116279;
IDA only;2010;60.310077751938;
IDA total;2018;64.2626345454546;
IDA total;2017;61.9596036363636;
IDA total;2016;62.1818296969697;
IDA total;2015;62.5858715151515;
IDA total;2014;61.4040404040404;
IDA total;2013;60.5959595959596;
IDA total;2012;61.1740040251572;
IDA total;2011;60.9259258024691;
IDA total;2010;60.9259260493827;
Late-demographic dividend;2018;78.3680625;
Late-demographic dividend;2017;79.4097229166667;
Late-demographic dividend;2016;82.847228125;
Late-demographic dividend;2015;81.1851922222222;
Late-demographic dividend;2014;80.7814814814815;
Late-demographic dividend;2013;81.0740740740741;
Late-demographic dividend;2012;80.7407405185185;
Late-demographic dividend;2011;81.3333332222222;
Late-demographic dividend;2010;80.5554815925926;
Latin America & Caribbean;2018;;
Latin America & Caribbean;2017;;
Latin America & Caribbean;2016;;
Latin America & Caribbean;2015;;
Latin America & Caribbean;2014;;
Latin America & Caribbean;2013;;
Latin America & Caribbean;2012;;
Latin America & Caribbean;2011;;
Latin America & Caribbean;2010;;
Latin America & Caribbean (excluding high income);2018;75.8823588235294;
Latin America & Caribbean (excluding high income);2017;76.2091549019608;
Latin America & Caribbean (excluding high income);2016;78.4967392156863;
Latin America & Caribbean (excluding high income);2015;78.9542607843137;
Latin America & Caribbean (excluding high income);2014;76.797385620915;
Latin America & Caribbean (excluding high income);2013;74.8366013071895;
Latin America & Caribbean (excluding high income);2012;75.3594770588235;
Latin America & Caribbean (excluding high income);2011;77.2549019607843;
Latin America & Caribbean (excluding high income);2010;77.1895425490196;
Latin America & the Caribbean (IDA & IBRD countries);2018;75.6084714285714;
Latin America & the Caribbean (IDA & IBRD countries);2017;75.7142888888889;
Latin America & the Caribbean (IDA & IBRD countries);2016;78.7301650793651;
Latin America & the Caribbean (IDA & IBRD countries);2015;79.1534492063492;
Latin America & the Caribbean (IDA & IBRD countries);2014;77.8835978835979;
Latin America & the Caribbean (IDA & IBRD countries);2013;76.4550264550264;
Latin America & the Caribbean (IDA & IBRD countries);2012;76.8253966666667;
Latin America & the Caribbean (IDA & IBRD countries);2011;78.4656082539683;
Latin America & the Caribbean (IDA & IBRD countries);2010;78.6772487301587;
Least developed countries: UN classification;2018;63.0701859649123;
Least developed countries: UN classification;2017;60.3508850877193;
Least developed countries: UN classification;2016;60.0000149122807;
Least developed countries: UN classification;2015;61.3742842105263;
Least developed countries: UN classification;2014;60.4239766081871;
Least developed countries: UN classification;2013;59.780701754386;
Least developed countries: UN classification;2012;59.159159009009;
Least developed countries: UN classification;2011;57.9532164035088;
Least developed countries: UN classification;2010;57.8654972807018;
Low & middle income;2018;69.4242487878788;
Low & middle income;2017;68.5151557575758;
Low & middle income;2016;68.5656645454546;
Low & middle income;2015;68.5656666666667;
Low & middle income;2014;67.6828282828283;
Low & middle income;2013;67.0555555555556;
Low & middle income;2012;67.7057612242798;
Low & middle income;2011;68.1893004012346;
Low & middle income;2010;67.587428127572;
Low income;2018;60.2298954022988;
Low income;2017;59.0804712643678;
Low income;2016;59.3103632183908;
Low income;2015;60.4214712643678;
Low income;2014;59.2528735632184;
Low income;2013;59.6743295019157;
Low income;2012;59.6428569047619;
Low income;2011;57.8927203448276;
Low income;2010;57.2796935632184;
Lower middle income;2018;72.0760298245614;
Lower middle income;2017;69.4444456140351;
Lower middle income;2016;69.7368456140351;
Lower middle income;2015;70.3508885964912;
Lower middle income;2014;69.3567251461988;
Lower middle income;2013;67.6900584795322;
Lower middle income;2012;67.3684209649123;
Lower middle income;2011;68.4210523684211;
Lower middle income;2010;68.245614122807;
Middle East & North Africa;2018;;
Middle East & North Africa;2017;;
Middle East & North Africa;2016;;
Middle East & North Africa;2015;;
Middle East & North Africa;2014;;
Middle East & North Africa;2013;;
Middle East & North Africa;2012;;
Middle East & North Africa;2011;;
Middle East & North Africa;2010;;
Middle East & North Africa (excluding high income);2018;59.8611194444444;
Middle East & North Africa (excluding high income);2017;61.0185194444444;
Middle East & North Africa (excluding high income);2016;62.1296416666667;
Middle East & North Africa (excluding high income);2015;64.4444583333333;
Middle East & North Africa (excluding high income);2014;63.4259259259259;
Middle East & North Africa (excluding high income);2013;63.4259259259259;
Middle East & North Africa (excluding high income);2012;63.7037038888889;
Middle East & North Africa (excluding high income);2011;64.0740741666667;
Middle East & North Africa (excluding high income);2010;61.2500002777778;
Middle East & North Africa (IDA & IBRD countries);2018;59.2424333333333;
Middle East & North Africa (IDA & IBRD countries);2017;59.2929303030303;
Middle East & North Africa (IDA & IBRD countries);2016;61.4141545454545;
Middle East & North Africa (IDA & IBRD countries);2015;63.0303181818182;
Middle East & North Africa (IDA & IBRD countries);2014;61.7171717171717;
Middle East & North Africa (IDA & IBRD countries);2013;61.6161616161616;
Middle East & North Africa (IDA & IBRD countries);2012;62.727273030303;
Middle East & North Africa (IDA & IBRD countries);2011;63.7373739393939;
Middle East & North Africa (IDA & IBRD countries);2010;62.9797981818182;
Middle income;2018;72.7160543209877;
Middle income;2017;71.8930057613169;
Middle income;2016;71.8792909465021;
Middle income;2015;71.4814897119342;
Middle income;2014;70.7009602194787;
Middle income;2013;69.6982167352538;
Middle income;2012;70.5277777361111;
Middle income;2011;71.9690576371308;
Middle income;2010;71.3712800562588;
North America;2018;;
North America;2017;;
North America;2016;;
North America;2015;;
North America;2014;;
North America;2013;;
North America;2012;;
North America;2011;;
North America;2010;;
Not classified;2018;;
Not classified;2017;;
Not classified;2016;;
Not classified;2015;;
Not classified;2014;;
Not classified;2013;;
Not classified;2012;;
Not classified;2011;;
Not classified;2010;;
OECD members;2018;;
OECD members;2017;;
OECD members;2016;;
OECD members;2015;;
OECD members;2014;;
OECD members;2013;;
OECD members;2012;;
OECD members;2011;;
OECD members;2010;;
Other small states;2018;58.8888909090909;
Other small states;2017;56.4646424242424;
Other small states;2016;58.0808090909091;
Other small states;2015;56.5555633333333;
Other small states;2014;56.8888888888889;
Other small states;2013;56.4444444444444;
Other small states;2012;57.2222223333333;
Other small states;2011;59.2592592592593;
Other small states;2010;58.2716051851852;
Pacific island small states;2018;;
Pacific island small states;2017;;
Pacific island small states;2016;;
Pacific island small states;2015;;
Pacific island small states;2014;;
Pacific island small states;2013;;
Pacific island small states;2012;;
Pacific island small states;2011;;
Pacific island small states;2010;;
Post-demographic dividend;2018;;
Post-demographic dividend;2017;;
Post-demographic dividend;2016;;
Post-demographic dividend;2015;;
Post-demographic dividend;2014;;
Post-demographic dividend;2013;;
Post-demographic dividend;2012;;
Post-demographic dividend;2011;;
Post-demographic dividend;2010;;
Pre-demographic dividend;2018;60.6666771428571;
Pre-demographic dividend;2017;59.0793723809524;
Pre-demographic dividend;2016;59.1428685714286;
Pre-demographic dividend;2015;58.666679047619;
Pre-demographic dividend;2014;57.0634920634921;
Pre-demographic dividend;2013;57.6349206349206;
Pre-demographic dividend;2012;57.5816990196078;
Pre-demographic dividend;2011;57.2549018627451;
Pre-demographic dividend;2010;56.4052289215686;
Small states;2018;58.6324794871795;
Small states;2017;56.8376025641026;
Small states;2016;59.829058974359;
Small states;2015;58.3333416666667;
Small states;2014;59.1666666666667;
Small states;2013;59.4444444444445;
Small states;2012;59.9074075;
Small states;2011;62.3232321212121;
Small states;2010;60.9090909090909;
South Asia;2018;76.1111166666667;
South Asia;2017;74.0740833333333;
South Asia;2016;72.5926;
South Asia;2015;71.1111222222222;
South Asia;2014;72.4074074074074;
South Asia;2013;66.6666666666667;
South Asia;2012;67.9629633333333;
South Asia;2011;68.5185183333333;
South Asia;2010;70.0;
South Asia (IDA & IBRD);2018;76.1111166666667;
South Asia (IDA & IBRD);2017;74.0740833333333;
South Asia (IDA & IBRD);2016;72.5926;
South Asia (IDA & IBRD);2015;71.1111222222222;
South Asia (IDA & IBRD);2014;72.4074074074074;
South Asia (IDA & IBRD);2013;66.6666666666667;
South Asia (IDA & IBRD);2012;67.9629633333333;
South Asia (IDA & IBRD);2011;68.5185183333333;
South Asia (IDA & IBRD);2010;70.0;
Sub-Saharan Africa;2018;;
Sub-Saharan Africa;2017;;
Sub-Saharan Africa;2016;;
Sub-Saharan Africa;2015;;
Sub-Saharan Africa;2014;;
Sub-Saharan Africa;2013;;
Sub-Saharan Africa;2012;;
Sub-Saharan Africa;2011;;
Sub-Saharan Africa;2010;;
Sub-Saharan Africa (excluding high income);2018;62.4289488372093;
Sub-Saharan Africa (excluding high income);2017;60.5168023255814;
Sub-Saharan Africa (excluding high income);2016;60.2584093023256;
Sub-Saharan Africa (excluding high income);2015;60.2325697674419;
Sub-Saharan Africa (excluding high income);2014;58.7467700258398;
Sub-Saharan Africa (excluding high income);2013;59.3927648578811;
Sub-Saharan Africa (excluding high income);2012;59.8148146825397;
Sub-Saharan Africa (excluding high income);2011;59.6031744444444;
Sub-Saharan Africa (excluding high income);2010;58.835978968254;
Sub-Saharan Africa (IDA & IBRD countries);2018;62.4289488372093;
Sub-Saharan Africa (IDA & IBRD countries);2017;60.5168023255814;
Sub-Saharan Africa (IDA & IBRD countries);2016;60.2584093023256;
Sub-Saharan Africa (IDA & IBRD countries);2015;60.2325697674419;
Sub-Saharan Africa (IDA & IBRD countries);2014;58.7467700258398;
Sub-Saharan Africa (IDA & IBRD countries);2013;59.3927648578811;
Sub-Saharan Africa (IDA & IBRD countries);2012;59.8148146825397;
Sub-Saharan Africa (IDA & IBRD countries);2011;59.6031744444444;
Sub-Saharan Africa (IDA & IBRD countries);2010;58.835978968254;
Upper middle income;2018;73.2816573643411;
Upper middle income;2017;74.0568496124031;
Upper middle income;2016;73.7726147286822;
Upper middle income;2015;72.4806255813954;
Upper middle income;2014;71.8888888888889;
Upper middle income;2013;71.4728682170543;
Upper middle income;2012;73.3862433862434;
Upper middle income;2011;75.2574527642277;
Upper middle income;2010;74.2682387262873;
World;2018;;
World;2017;;
World;2016;;
World;2015;;
World;2014;;
World;2013;;
World;2012;;
World;2011;;
World;2010;;
Afghanistan;2018;50.0;
Afghanistan;2017;51.1111;
Afghanistan;2016;51.1111;
Afghanistan;2015;51.1111;
Afghanistan;2014;54.4444444444444;
Afghanistan;2013;53.3333333333333;
Afghanistan;2012;50.0;
Afghanistan;2011;51.1111111111111;
Afghanistan;2010;52.2222222222222;
Albania;2018;88.8889;
Albania;2017;88.8889;
Albania;2016;82.2222333333333;
Albania;2015;72.2222333333333;
Albania;2014;75.5555555555556;
Albania;2013;68.8888888888889;
Albania;2012;73.3333333333333;
Albania;2011;70.0;
Albania;2010;70.0;
Algeria;2018;56.6666666666667;
Algeria;2017;61.1111;
Algeria;2016;55.5555666666667;
Algeria;2015;53.3333666666667;
Algeria;2014;52.2222222222222;
Algeria;2013;51.1111111111111;
Algeria;2012;58.8888888888889;
Algeria;2011;62.2222222222222;
Algeria;2010;58.8888888888889;
American Samoa;2018;;
American Samoa;2017;;
American Samoa;2016;;
American Samoa;2015;;
American Samoa;2014;;
American Samoa;2013;;
American Samoa;2012;;
American Samoa;2011;;
American Samoa;2010;;
Andorra;2018;;
Andorra;2017;;
Andorra;2016;;
Andorra;2015;;
Andorra;2014;;
Andorra;2013;;
Andorra;2012;;
Andorra;2011;;
Andorra;2010;;
Angola;2018;52.2222333333333;
Angola;2017;45.5555;
Angola;2016;42.2221666666667;
Angola;2015;47.7777666666667;
Angola;2014;48.8888888888889;
Angola;2013;47.7777777777778;
Angola;2012;50.0;
Angola;2011;47.7777777777778;
Angola;2010;45.5555555555556;
Antigua and Barbuda;2018;50.0;
Antigua and Barbuda;2017;54.4444666666667;
Antigua and Barbuda;2016;57.7778;
Antigua and Barbuda;2015;57.7778;
Antigua and Barbuda;2014;58.8888888888889;
Antigua and Barbuda;2013;55.5555555555556;
Antigua and Barbuda;2012;51.1111111111111;
Antigua and Barbuda;2011;46.6666666666667;
Antigua and Barbuda;2010;42.2222222222222;
Argentina;2018;78.8889;
Argentina;2017;85.5555666666667;
Argentina;2016;88.8889;
Argentina;2015;95.5555666666667;
Argentina;2014;83.3333333333333;
Argentina;2013;76.6666666666667;
Argentina;2012;85.5555555555555;
Argentina;2011;85.5555555555555;
Argentina;2010;86.6666666666667;
Armenia;2018;94.4444333333333;
Armenia;2017;91.1111;
Armenia;2016;92.2222333333333;
Armenia;2015;93.3333333333333;
Armenia;2014;87.7777777777778;
Armenia;2013;88.8888888888889;
Armenia;2012;86.6666666666667;
Armenia;2011;92.2222222222222;
Armenia;2010;92.2222222222222;
Aruba;2018;;
Aruba;2017;;
Aruba;2016;;
Aruba;2015;;
Aruba;2014;;
Aruba;2013;;
Aruba;2012;;
Aruba;2011;;
Aruba;2010;;
Australia;2018;;
Australia;2017;;
Australia;2016;;
Australia;2015;;
Australia;2014;;
Australia;2013;;
Australia;2012;;
Australia;2011;;
Australia;2010;;
Austria;2018;;
Austria;2017;;
Austria;2016;;
Austria;2015;;
Austria;2014;;
Austria;2013;;
Austria;2012;;
Austria;2011;;
Austria;2010;;
Azerbaijan;2018;81.1111;
Azerbaijan;2017;82.2222333333333;
Azerbaijan;2016;75.5555666666667;
Azerbaijan;2015;67.7778;
Azerbaijan;2014;70.0;
Azerbaijan;2013;74.4444444444444;
Azerbaijan;2012;74.4444444444444;
Azerbaijan;2011;76.6666666666667;
Azerbaijan;2010;78.8888888888889;
Bahamas; The;2018;
Bahamas; The;2017;
Bahamas; The;2016;
Bahamas; The;2015;
Bahamas; The;2014;
Bahamas; The;2013;
Bahamas; The;2012;
Bahamas; The;2011;
Bahamas; The;2010;
Bahrain;2018;;
Bahrain;2017;;
Bahrain;2016;;
Bahrain;2015;;
Bahrain;2014;;
Bahrain;2013;;
Bahrain;2012;;
Bahrain;2011;;
Bahrain;2010;;
Bangladesh;2018;72.2222333333333;
Bangladesh;2017;70.0000333333333;
Bangladesh;2016;74.4444333333333;
Bangladesh;2015;76.6667;
Bangladesh;2014;80.0;
Bangladesh;2013;65.5555555555556;
Bangladesh;2012;65.5555555555556;
Bangladesh;2011;68.8888888888889;
Bangladesh;2010;68.8888888888889;
Barbados;2018;;
Barbados;2017;;
Barbados;2016;;
Barbados;2015;;
Barbados;2014;;
Barbados;2013;;
Barbados;2012;;
Barbados;2011;;
Barbados;2010;;
Belarus;2018;84.4444333333333;
Belarus;2017;87.7777666666667;
Belarus;2016;87.7777666666667;
Belarus;2015;87.7777666666667;
Belarus;2014;87.7777777777778;
Belarus;2013;86.6666666666667;
Belarus;2012;86.6666666666667;
Belarus;2011;85.5555555555555;
Belarus;2010;85.5555555555555;
Belgium;2018;;
Belgium;2017;;
Belgium;2016;;
Belgium;2015;;
Belgium;2014;;
Belgium;2013;;
Belgium;2012;;
Belgium;2011;;
Belgium;2010;;
Belize;2018;66.6666666666667;
Belize;2017;62.2222333333333;
Belize;2016;62.2222333333333;
Belize;2015;54.4444666666667;
Belize;2014;55.5555555555556;
Belize;2013;57.7777777777778;
Belize;2012;58.8888888888889;
Belize;2011;56.6666666666667;
Belize;2010;61.1111111111111;
Benin;2018;75.5556;
Benin;2017;73.3333666666667;
Benin;2016;73.3333666666667;
Benin;2015;66.6666666666667;
Benin;2014;65.5555555555556;
Benin;2013;66.6666666666667;
Benin;2012;57.7777777777778;
Benin;2011;58.8888888888889;
Benin;2010;55.5555555555556;
Bermuda;2018;;
Bermuda;2017;;
Bermuda;2016;;
Bermuda;2015;;
Bermuda;2014;;
Bermuda;2013;;
Bermuda;2012;;
Bermuda;2011;;
Bermuda;2010;;
Bhutan;2018;60.0000333333333;
Bhutan;2017;65.5556;
Bhutan;2016;68.8889;
Bhutan;2015;68.8889;
Bhutan;2014;78.8888888888889;
Bhutan;2013;75.5555555555556;
Bhutan;2012;74.4444444444444;
Bhutan;2011;77.7777777777778;
Bhutan;2010;75.5555555555556;
Bolivia;2018;70.0;
Bolivia;2017;67.7777666666667;
Bolivia;2016;68.8889;
Bolivia;2015;78.8889;
Bolivia;2014;76.6666666666667;
Bolivia;2013;72.2222222222222;
Bolivia;2012;67.7777777777778;
Bolivia;2011;70.0;
Bolivia;2010;66.6666666666667;
Bosnia and Herzegovina;2018;68.8889;
Bosnia and Herzegovina;2017;65.5555666666667;
Bosnia and Herzegovina;2016;72.2222666666667;
Bosnia and Herzegovina;2015;67.7778;
Bosnia and Herzegovina;2014;72.2222222222222;
Bosnia and Herzegovina;2013;68.8888888888889;
Bosnia and Herzegovina;2012;68.8888888888889;
Bosnia and Herzegovina;2011;67.7777777777778;
Bosnia and Herzegovina;2010;62.2222222222222;
Botswana;2018;54.4444333333333;
Botswana;2017;49.9999666666667;
Botswana;2016;42.2221666666667;
Botswana;2015;45.5555333333333;
Botswana;2014;51.1111111111111;
Botswana;2013;54.4444444444444;
Botswana;2012;63.3333333333333;
Botswana;2011;63.3333333333333;
Botswana;2010;60.0;
Brazil;2018;80.0;
Brazil;2017;74.4444333333333;
Brazil;2016;76.6666666666667;
Brazil;2015;72.2222333333333;
Brazil;2014;75.5555555555556;
Brazil;2013;75.5555555555556;
Brazil;2012;78.8888888888889;
Brazil;2011;84.4444444444444;
Brazil;2010;83.3333333333333;
British Virgin Islands;2018;;
British Virgin Islands;2017;;
British Virgin Islands;2016;;
British Virgin Islands;2015;;
British Virgin Islands;2014;;
British Virgin Islands;2013;;
British Virgin Islands;2012;;
British Virgin Islands;2011;;
British Virgin Islands;2010;;
Brunei Darussalam;2018;;
Brunei Darussalam;2017;;
Brunei Darussalam;2016;;
Brunei Darussalam;2015;;
Brunei Darussalam;2014;;
Brunei Darussalam;2013;;
Brunei Darussalam;2012;;
Brunei Darussalam;2011;;
Brunei Darussalam;2010;;
Bulgaria;2018;86.6666666666667;
Bulgaria;2017;87.7777666666667;
Bulgaria;2016;84.4444333333333;
Bulgaria;2015;84.4444333333333;
Bulgaria;2014;84.4444444444444;
Bulgaria;2013;85.5555555555556;
Bulgaria;2012;91.1111111111111;
Bulgaria;2011;91.1111111111111;
Bulgaria;2010;91.1111111111111;
Burkina Faso;2018;75.5555666666667;
Burkina Faso;2017;73.3333666666667;
Burkina Faso;2016;74.4444666666667;
Burkina Faso;2015;67.7778;
Burkina Faso;2014;71.1111111111111;
Burkina Faso;2013;70.0;
Burkina Faso;2012;71.1111111111111;
Burkina Faso;2011;65.5555555555556;
Burkina Faso;2010;62.2222222222222;
Burundi;2018;56.6667;
Burundi;2017;63.3333666666667;
Burundi;2016;62.2222333333333;
Burundi;2015;55.5555666666667;
Burundi;2014;54.4444444444444;
Burundi;2013;57.7777777777778;
Burundi;2012;52.2222222222222;
Burundi;2011;54.4444444444444;
Burundi;2010;54.4444444444444;
Cabo Verde;2018;71.1111;
Cabo Verde;2017;67.7777666666667;
Cabo Verde;2016;68.8888666666667;
Cabo Verde;2015;66.6666666666667;
Cabo Verde;2014;68.8888888888889;
Cabo Verde;2013;65.5555555555556;
Cabo Verde;2012;68.8888888888889;
Cabo Verde;2011;70.0;
Cabo Verde;2010;73.3333333333333;
Cambodia;2018;66.6666666666667;
Cambodia;2017;63.3333333333333;
Cambodia;2016;66.6666666666667;
Cambodia;2015;76.6666666666667;
Cambodia;2014;76.6666666666667;
Cambodia;2013;70.0;
Cambodia;2012;67.7777777777778;
Cambodia;2011;73.3333333333333;
Cambodia;2010;73.3333333333333;
Cameroon;2018;60.0000333333333;
Cameroon;2017;70.0000333333333;
Cameroon;2016;68.8889;
Cameroon;2015;55.5555666666667;
Cameroon;2014;56.6666666666667;
Cameroon;2013;56.6666666666667;
Cameroon;2012;60.0;
Cameroon;2011;64.4444444444444;
Cameroon;2010;66.6666666666667;
Canada;2018;;
Canada;2017;;
Canada;2016;;
Canada;2015;;
Canada;2014;;
Canada;2013;;
Canada;2012;;
Canada;2011;;
Canada;2010;;
Cayman Islands;2018;;
Cayman Islands;2017;;
Cayman Islands;2016;;
Cayman Islands;2015;;
Cayman Islands;2014;;
Cayman Islands;2013;;
Cayman Islands;2012;;
Cayman Islands;2011;;
Cayman Islands;2010;;
Central African Republic;2018;35.5555333333333;
Central African Republic;2017;38.8888666666667;
Central African Republic;2016;41.1111333333333;
Central African Republic;2015;52.2222666666667;
Central African Republic;2014;58.8888888888889;
Central African Republic;2013;57.7777777777778;
Central African Republic;2012;57.7777777777778;
Central African Republic;2011;56.6666666666667;
Central African Republic;2010;55.5555555555556;
Chad;2018;50.0;
Chad;2017;48.8889;
Chad;2016;54.4445;
Chad;2015;65.5556;
Chad;2014;63.3333333333333;
Chad;2013;63.3333333333333;
Chad;2012;64.4444444444444;
Chad;2011;54.4444444444444;
Chad;2010;56.6666666666667;
Channel Islands;2018;;
Channel Islands;2017;;
Channel Islands;2016;;
Channel Islands;2015;;
Channel Islands;2014;;
Channel Islands;2013;;
Channel Islands;2012;;
Channel Islands;2011;;
Channel Islands;2010;;
Chile;2018;90.0;
Chile;2017;93.3333333333333;
Chile;2016;95.5555666666667;
Chile;2015;95.5555666666667;
Chile;2014;95.5555555555556;
Chile;2013;95.5555555555556;
Chile;2012;94.4444444444444;
Chile;2011;94.4444444444444;
Chile;2010;94.4444444444444;
China;2018;77.7777666666667;
China;2017;78.8889;
China;2016;80.0;
China;2015;70.0;
China;2014;70.0;
China;2013;70.0;
China;2012;70.0;
China;2011;68.8888888888889;
China;2010;65.5555566666667;
Colombia;2018;82.2222333333333;
Colombia;2017;88.8889;
Colombia;2016;88.8889;
Colombia;2015;84.4444333333333;
Colombia;2014;81.1111111111111;
Colombia;2013;81.1111111111111;
Colombia;2012;84.4444444444444;
Colombia;2011;84.4444444444444;
Colombia;2010;84.4444444444444;
Comoros;2018;35.5555;
Comoros;2017;29.9999666666667;
Comoros;2016;34.4444;
Comoros;2015;42.2221666666667;
Comoros;2014;40.0;
Comoros;2013;43.3333333333333;
Comoros;2012;41.1111111111111;
Comoros;2011;50.0;
Comoros;2010;50.0;
Congo; Dem. Rep.;2018;52.2222333333333
Congo; Dem. Rep.;2017;46.6667
Congo; Dem. Rep.;2016;51.1111333333333
Congo; Dem. Rep.;2015;57.7777666666667
Congo; Dem. Rep.;2014;56.6666666666667
Congo; Dem. Rep.;2013;50.0
Congo; Dem. Rep.;2012;43.3333333333333
Congo; Dem. Rep.;2011;43.3333333333333
Congo; Dem. Rep.;2010;35.5555555555556
Congo; Rep.;2018;55.5555666666667
Congo; Rep.;2017;48.8889
Congo; Rep.;2016;50.0000333333333
Congo; Rep.;2015;50.0000333333333
Congo; Rep.;2014;47.7777777777778
Congo; Rep.;2013;52.2222222222222
Congo; Rep.;2012;50.0
Congo; Rep.;2011;50.0
Congo; Rep.;2010;54.4444444444444
Costa Rica;2018;87.7777666666667;
Costa Rica;2017;87.7777666666667;
Costa Rica;2016;84.4444333333333;
Costa Rica;2015;84.4444333333333;
Costa Rica;2014;77.7777777777778;
Costa Rica;2013;77.7777777777778;
Costa Rica;2012;77.7777777777778;
Costa Rica;2011;76.6666666666667;
Costa Rica;2010;76.6666666666667;
Cote d'Ivoire;2018;70.0000333333333;
Cote d'Ivoire;2017;66.6666666666667;
Cote d'Ivoire;2016;67.7777666666667;
Cote d'Ivoire;2015;58.8889;
Cote d'Ivoire;2014;46.6666666666667;
Cote d'Ivoire;2013;56.6666666666667;
Cote d'Ivoire;2012;63.3333333333333;
Cote d'Ivoire;2011;67.7777777777778;
Cote d'Ivoire;2010;58.8888888888889;
Croatia;2018;83.3333333333333;
Croatia;2017;83.3333333333333;
Croatia;2016;81.1111333333333;
Croatia;2015;80.0000333333333;
Croatia;2014;83.3333333333333;
Croatia;2013;87.7777777777778;
Croatia;2012;86.6666666666667;
Croatia;2011;86.6666666666667;
Croatia;2010;84.4444444444444;
Cuba;2018;;
Cuba;2017;;
Cuba;2016;;
Cuba;2015;;
Cuba;2014;;
Cuba;2013;;
Cuba;2012;;
Cuba;2011;;
Cuba;2010;;
Curacao;2018;;
Curacao;2017;;
Curacao;2016;;
Curacao;2015;;
Curacao;2014;;
Curacao;2013;;
Curacao;2012;;
Curacao;2011;;
Curacao;2010;;
Cyprus;2018;;
Cyprus;2017;;
Cyprus;2016;;
Cyprus;2015;;
Cyprus;2014;;
Cyprus;2013;;
Cyprus;2012;;
Cyprus;2011;;
Cyprus;2010;;
Czech Republic;2018;;
Czech Republic;2017;;
Czech Republic;2016;;
Czech Republic;2015;;
Czech Republic;2014;;
Czech Republic;2013;;
Czech Republic;2012;;
Czech Republic;2011;;
Czech Republic;2010;;
Denmark;2018;;
Denmark;2017;;
Denmark;2016;;
Denmark;2015;;
Denmark;2014;;
Denmark;2013;;
Denmark;2012;;
Denmark;2011;;
Denmark;2010;;
Djibouti;2018;60.0000333333333;
Djibouti;2017;54.4445;
Djibouti;2016;53.3333666666667;
Djibouti;2015;46.6666666666667;
Djibouti;2014;45.5555555555556;
Djibouti;2013;46.6666666666667;
Djibouti;2012;46.6666666666667;
Djibouti;2011;44.4444444444444;
Djibouti;2010;44.4444444444444;
Dominica;2018;59.4444333333333;
Dominica;2017;57.7777666666667;
Dominica;2016;57.7777666666667;
Dominica;2015;52.2222333333333;
Dominica;2014;55.5555555555556;
Dominica;2013;50.0;
Dominica;2012;53.3333333333333;
Dominica;2011;50.0;
Dominica;2010;46.6666666666667;
Dominican Republic;2018;80.0;
Dominican Republic;2017;83.3333333333333;
Dominican Republic;2016;83.3333333333333;
Dominican Republic;2015;78.8889;
Dominican Republic;2014;78.8888888888889;
Dominican Republic;2013;75.5555555555556;
Dominican Republic;2012;67.7777777777778;
Dominican Republic;2011;67.7777777777778;
Dominican Republic;2010;67.7777777777778;
Ecuador;2018;70.0;
Ecuador;2017;68.8889;
Ecuador;2016;71.1111333333333;
Ecuador;2015;72.2222666666667;
Ecuador;2014;70.0;
Ecuador;2013;70.0;
Ecuador;2012;71.1111111111111;
Ecuador;2011;82.2222222222222;
Ecuador;2010;82.2222222222222;
Egypt; Arab Rep.;2018;90.0
Egypt; Arab Rep.;2017;83.3333333333333
Egypt; Arab Rep.;2016;87.7777666666667
Egypt; Arab Rep.;2015;91.1111333333333
Egypt; Arab Rep.;2014;90.0
Egypt; Arab Rep.;2013;90.0
Egypt; Arab Rep.;2012;86.6666666666667
Egypt; Arab Rep.;2011;88.8888888888889
Egypt; Arab Rep.;2010;85.5555555555555
El Salvador;2018;88.8889;
El Salvador;2017;92.2222333333333;
El Salvador;2016;92.2222333333333;
El Salvador;2015;91.1111333333333;
El Salvador;2014;91.1111111111111;
El Salvador;2013;91.1111111111111;
El Salvador;2012;91.1111111111111;
El Salvador;2011;87.7777777777778;
El Salvador;2010;91.1111111111111;
Equatorial Guinea;2018;43.3333;
Equatorial Guinea;2017;45.5555666666667;
Equatorial Guinea;2016;45.5555666666667;
Equatorial Guinea;2015;42.2222333333333;
Equatorial Guinea;2014;34.4444444444444;
Equatorial Guinea;2013;31.1111111111111;
Equatorial Guinea;2012;32.2222222222222;
Equatorial Guinea;2011;32.2222222222222;
Equatorial Guinea;2010;32.2222222222222;
Eritrea;2018;31.1111;
Eritrea;2017;28.8888666666667;
Eritrea;2016;28.8889;
Eritrea;2015;27.7778;
Eritrea;2014;31.1111111111111;
Eritrea;2013;31.1111111111111;
Eritrea;2012;32.2222222222222;
Eritrea;2011;32.2222222222222;
Eritrea;2010;32.2222222222222;
Estonia;2018;54.4444666666667;
Estonia;2017;50.0;
Estonia;2016;77.7778;
Estonia;2015;;
Estonia;2014;;
Estonia;2013;;
Estonia;2012;;
Estonia;2011;;
Estonia;2010;;
Eswatini;2018;58.8889;
Eswatini;2017;58.8889;
Eswatini;2016;55.5555666666667;
Eswatini;2015;58.8889;
Eswatini;2014;60.0;
Eswatini;2013;60.0;
Eswatini;2012;65.5555555555556;
Eswatini;2011;64.4444444444444;
Eswatini;2010;67.7777777777778;
Ethiopia;2018;72.2222333333333;
Ethiopia;2017;70.0000333333333;
Ethiopia;2016;70.0000333333333;
Ethiopia;2015;68.8889;
Ethiopia;2014;61.1111111111111;
Ethiopia;2013;66.6666666666667;
Ethiopia;2012;65.5555555555556;
Ethiopia;2011;73.3333333333333;
Ethiopia;2010;80.0;
Faroe Islands;2018;;
Faroe Islands;2017;;
Faroe Islands;2016;;
Faroe Islands;2015;;
Faroe Islands;2014;;
Faroe Islands;2013;;
Faroe Islands;2012;;
Faroe Islands;2011;;
Faroe Islands;2010;;
Fiji;2018;72.2222333333333;
Fiji;2017;70.0;
Fiji;2016;58.8888666666667;
Fiji;2015;61.1111333333333;
Fiji;2014;71.1111111111111;
Fiji;2013;71.1111111111111;
Fiji;2012;70.0;
Fiji;2011;70.0;
Fiji;2010;53.3333333333333;
Finland;2018;;
Finland;2017;;
Finland;2016;;
Finland;2015;;
Finland;2014;;
Finland;2013;;
Finland;2012;;
Finland;2011;;
Finland;2010;;
France;2018;;
France;2017;;
France;2016;;
France;2015;;
France;2014;;
France;2013;;
France;2012;;
France;2011;;
France;2010;;
French Polynesia;2018;;
French Polynesia;2017;;
French Polynesia;2016;;
French Polynesia;2015;;
French Polynesia;2014;;
French Polynesia;2013;;
French Polynesia;2012;;
French Polynesia;2011;;
French Polynesia;2010;;
Gabon;2018;36.6666333333333;
Gabon;2017;36.6666333333333;
Gabon;2016;36.6666333333333;
Gabon;2015;39.9999666666667;
Gabon;2014;42.2222222222222;
Gabon;2013;42.2222222222222;
Gabon;2012;36.6666666666667;
Gabon;2011;43.3333333333333;
Gabon;2010;40.0;
Gambia; The;2018;68.8889
Gambia; The;2017;63.3333333333333
Gambia; The;2016;64.4444333333333
Gambia; The;2015;65.5555666666667
Gambia; The;2014;66.6666666666667
Gambia; The;2013;70.0
Gambia; The;2012;67.7777777777778
Gambia; The;2011;64.4444444444444
Gambia; The;2010;67.7777777777778
Georgia;2018;87.7778;
Georgia;2017;86.6667;
Georgia;2016;88.8889;
Georgia;2015;88.8889;
Georgia;2014;82.2222222222222;
Georgia;2013;92.2222222222222;
Georgia;2012;94.4444444444444;
Georgia;2011;95.5555555555556;
Georgia;2010;95.5555555555556;
Germany;2018;;
Germany;2017;;
Germany;2016;;
Germany;2015;;
Germany;2014;;
Germany;2013;;
Germany;2012;;
Germany;2011;;
Germany;2010;;
Ghana;2018;71.1111333333333;
Ghana;2017;68.8889;
Ghana;2016;68.8889;
Ghana;2015;65.5555666666667;
Ghana;2014;62.2222222222222;
Ghana;2013;62.2222222222222;
Ghana;2012;58.8888888888889;
Ghana;2011;62.2222222222222;
Ghana;2010;65.5555555555556;
Gibraltar;2018;;
Gibraltar;2017;;
Gibraltar;2016;;
Gibraltar;2015;;
Gibraltar;2014;;
Gibraltar;2013;;
Gibraltar;2012;;
Gibraltar;2011;;
Gibraltar;2010;;
Greece;2018;;
Greece;2017;;
Greece;2016;;
Greece;2015;;
Greece;2014;;
Greece;2013;;
Greece;2012;;
Greece;2011;;
Greece;2010;;
Greenland;2018;;
Greenland;2017;;
Greenland;2016;;
Greenland;2015;;
Greenland;2014;;
Greenland;2013;;
Greenland;2012;;
Greenland;2011;;
Greenland;2010;;
Grenada;2018;60.0;
Grenada;2017;53.3333333333333;
Grenada;2016;51.1111333333333;
Grenada;2015;51.1111333333333;
Grenada;2014;44.4444444444444;
Grenada;2013;51.1111111111111;
Grenada;2012;47.7777777777778;
Grenada;2011;44.4444444444444;
Grenada;2010;43.3333333333333;
Guam;2018;;
Guam;2017;;
Guam;2016;;
Guam;2015;;
Guam;2014;;
Guam;2013;;
Guam;2012;;
Guam;2011;;
Guam;2010;;
Guatemala;2018;80.0000333333333;
Guatemala;2017;78.8889;
Guatemala;2016;71.1111;
Guatemala;2015;72.2222333333333;
Guatemala;2014;68.8888888888889;
Guatemala;2013;76.6666666666667;
Guatemala;2012;82.2222222222222;
Guatemala;2011;85.5555555555556;
Guatemala;2010;85.5555555555556;
Guinea;2018;58.8889;
Guinea;2017;52.2222333333333;
Guinea;2016;55.5555666666667;
Guinea;2015;53.3333333333333;
Guinea;2014;52.2222222222222;
Guinea;2013;52.2222222222222;
Guinea;2012;57.7777777777778;
Guinea;2011;58.8888888888889;
Guinea;2010;57.7777777777778;
Guinea-Bissau;2018;47.7777666666667;
Guinea-Bissau;2017;47.7777666666667;
Guinea-Bissau;2016;42.2222;
Guinea-Bissau;2015;44.4444333333333;
Guinea-Bissau;2014;43.3333333333333;
Guinea-Bissau;2013;50.0;
Guinea-Bissau;2012;51.1111111111111;
Guinea-Bissau;2011;48.8888888888889;
Guinea-Bissau;2010;45.5555555555556;
Guyana;2018;48.8888666666667;
Guyana;2017;55.5555333333333;
Guyana;2016;57.7778;
Guyana;2015;56.6667;
Guyana;2014;58.8888888888889;
Guyana;2013;58.8888888888889;
Guyana;2012;55.5555555555556;
Guyana;2011;58.8888888888889;
Guyana;2010;53.3333333333333;
Haiti;2018;53.3333333333333;
Haiti;2017;36.6666666666667;
Haiti;2016;38.8889;
Haiti;2015;47.7778;
Haiti;2014;47.7777777777778;
Haiti;2013;41.1111111111111;
Haiti;2012;38.8888888888889;
Haiti;2011;42.2222222222222;
Haiti;2010;42.2222222222222;
Honduras;2018;74.4444666666667;
Honduras;2017;71.1111333333333;
Honduras;2016;77.7778;
Honduras;2015;76.6667;
Honduras;2014;73.3333333333333;
Honduras;2013;62.2222222222222;
Honduras;2012;68.8888888888889;
Honduras;2011;75.5555555555556;
Honduras;2010;75.5555555555556;
Hong Kong SAR; China;2018;
Hong Kong SAR; China;2017;
Hong Kong SAR; China;2016;
Hong Kong SAR; China;2015;
Hong Kong SAR; China;2014;
Hong Kong SAR; China;2013;
Hong Kong SAR; China;2012;
Hong Kong SAR; China;2011;
Hong Kong SAR; China;2010;
Hungary;2018;56.6666666666667;
Hungary;2017;52.2222333333333;
Hungary;2016;85.5555666666667;
Hungary;2015;85.5555666666667;
Hungary;2014;85.5555555555556;
Hungary;2013;88.8888888888889;
Hungary;2012;85.5555555555556;
Hungary;2011;86.6666666666667;
Hungary;2010;86.6666666666667;
Iceland;2018;;
Iceland;2017;;
Iceland;2016;;
Iceland;2015;;
Iceland;2014;;
Iceland;2013;;
Iceland;2012;;
Iceland;2011;;
Iceland;2010;;
India;2018;91.1111333333333;
India;2017;91.1111333333333;
India;2016;81.1111333333333;
India;2015;77.7778;
India;2014;81.1111111111111;
India;2013;73.3333333333333;
India;2012;75.5555555555556;
India;2011;76.6666666666667;
India;2010;81.1111111111111;
Indonesia;2018;90.0;
Indonesia;2017;86.6666666666667;
Indonesia;2016;86.6666666666667;
Indonesia;2015;84.4444666666667;
Indonesia;2014;83.3333333333333;
Indonesia;2013;80.0;
Indonesia;2012;83.3333333333333;
Indonesia;2011;83.3333333333333;
Indonesia;2010;86.6666666666667;
Iran; Islamic Rep.;2018;77.7777666666667
Iran; Islamic Rep.;2017;75.5555666666667
Iran; Islamic Rep.;2016;78.8889
Iran; Islamic Rep.;2015;73.3333333333333
Iran; Islamic Rep.;2014;73.3333333333333
Iran; Islamic Rep.;2013;70.0
Iran; Islamic Rep.;2012;70.0
Iran; Islamic Rep.;2011;68.8888888888889
Iran; Islamic Rep.;2010;71.1111111111111
Iraq;2018;51.1111333333333;
Iraq;2017;52.2222333333333;
Iraq;2016;50.0;
Iraq;2015;52.2222333333333;
Iraq;2014;46.6666666666667;
Iraq;2013;50.0;
Iraq;2012;50.0;
Iraq;2011;46.6666666666667;
Iraq;2010;41.1111111111111;
Ireland;2018;;
Ireland;2017;;
Ireland;2016;;
Ireland;2015;;
Ireland;2014;;
Ireland;2013;;
Ireland;2012;;
Ireland;2011;;
Ireland;2010;;
Isle of Man;2018;;
Isle of Man;2017;;
Isle of Man;2016;;
Isle of Man;2015;;
Isle of Man;2014;;
Isle of Man;2013;;
Isle of Man;2012;;
Isle of Man;2011;;
Isle of Man;2010;;
Israel;2018;;
Israel;2017;;
Israel;2016;;
Israel;2015;;
Israel;2014;;
Israel;2013;;
Israel;2012;;
Israel;2011;;
Israel;2010;;
Italy;2018;;
Italy;2017;;
Italy;2016;;
Italy;2015;;
Italy;2014;;
Italy;2013;;
Italy;2012;;
Italy;2011;;
Italy;2010;;
Jamaica;2018;66.6666666666667;
Jamaica;2017;71.1111;
Jamaica;2016;77.7777666666667;
Jamaica;2015;77.7778;
Jamaica;2014;78.8888888888889;
Jamaica;2013;78.8888888888889;
Jamaica;2012;78.8888888888889;
Jamaica;2011;81.1111111111111;
Jamaica;2010;74.4444444444444;
Japan;2018;;
Japan;2017;;
Japan;2016;;
Japan;2015;;
Japan;2014;;
Japan;2013;;
Japan;2012;;
Japan;2011;;
Japan;2010;;
Jordan;2018;74.4444666666667;
Jordan;2017;75.5556;
Jordan;2016;71.1111333333333;
Jordan;2015;74.4444666666667;
Jordan;2014;74.4444444444444;
Jordan;2013;74.4444444444444;
Jordan;2012;75.5555555555556;
Jordan;2011;74.4444444444444;
Jordan;2010;76.6666666666667;
Kazakhstan;2018;93.3333333333333;
Kazakhstan;2017;95.5555666666667;
Kazakhstan;2016;92.2222333333333;
Kazakhstan;2015;90.0;
Kazakhstan;2014;88.8888888888889;
Kazakhstan;2013;94.4444444444444;
Kazakhstan;2012;94.4444444444444;
Kazakhstan;2011;92.2222222222222;
Kazakhstan;2010;95.5555555555555;
Kenya;2018;55.5555666666667;
Kenya;2017;57.7777666666667;
Kenya;2016;55.5555333333333;
Kenya;2015;54.4444333333333;
Kenya;2014;54.4444444444444;
Kenya;2013;52.2222222222222;
Kenya;2012;57.7777777777778;
Kenya;2011;61.1111111111111;
Kenya;2010;62.2222222222222;
Kiribati;2018;43.3333;
Kiribati;2017;39.9999666666667;
Kiribati;2016;39.9999666666667;
Kiribati;2015;34.4444333333333;
Kiribati;2014;35.5555555555556;
Kiribati;2013;35.5555555555556;
Kiribati;2012;37.7777777777778;
Kiribati;2011;37.7777777777778;
Kiribati;2010;36.6666666666667;
Korea; Dem. People‰Ûªs Rep.;2018;
Korea; Dem. People‰Ûªs Rep.;2017;
Korea; Dem. People‰Ûªs Rep.;2016;
Korea; Dem. People‰Ûªs Rep.;2015;
Korea; Dem. People‰Ûªs Rep.;2014;
Korea; Dem. People‰Ûªs Rep.;2013;
Korea; Dem. People‰Ûªs Rep.;2012;
Korea; Dem. People‰Ûªs Rep.;2011;
Korea; Dem. People‰Ûªs Rep.;2010;
Korea; Rep.;2018;
Korea; Rep.;2017;
Korea; Rep.;2016;
Korea; Rep.;2015;
Korea; Rep.;2014;
Korea; Rep.;2013;
Korea; Rep.;2012;
Korea; Rep.;2011;
Korea; Rep.;2010;
Kosovo;2018;40.0;
Kosovo;2017;43.3333333333333;
Kosovo;2016;43.3333333333333;
Kosovo;2015;40.0;
Kosovo;2014;33.3333333333333;
Kosovo;2013;30.0;
Kosovo;2012;;
Kosovo;2011;;
Kosovo;2010;;
Kuwait;2018;;
Kuwait;2017;;
Kuwait;2016;;
Kuwait;2015;;
Kuwait;2014;;
Kuwait;2013;;
Kuwait;2012;;
Kuwait;2011;;
Kuwait;2010;;
Kyrgyz Republic;2018;86.6666666666667;
Kyrgyz Republic;2017;90.0;
Kyrgyz Republic;2016;85.5555666666667;
Kyrgyz Republic;2015;82.2222333333333;
Kyrgyz Republic;2014;86.6666666666667;
Kyrgyz Republic;2013;84.4444444444444;
Kyrgyz Republic;2012;84.4444444444444;
Kyrgyz Republic;2011;84.4444444444444;
Kyrgyz Republic;2010;88.8888888888889;
Lao PDR;2018;77.7778;
Lao PDR;2017;67.7778;
Lao PDR;2016;64.4444666666667;
Lao PDR;2015;71.1111333333333;
Lao PDR;2014;73.3333333333333;
Lao PDR;2013;72.2222222222222;
Lao PDR;2012;70.0;
Lao PDR;2011;65.5555555555556;
Lao PDR;2010;70.0;
Latvia;2018;51.1111333333333;
Latvia;2017;56.6666666666667;
Latvia;2016;90.0;
Latvia;2015;;
Latvia;2014;;
Latvia;2013;;
Latvia;2012;;
Latvia;2011;;
Latvia;2010;;
Lebanon;2018;64.4444333333333;
Lebanon;2017;66.6666333333333;
Lebanon;2016;63.3333333333333;
Lebanon;2015;65.5555333333333;
Lebanon;2014;62.2222222222222;
Lebanon;2013;66.6666666666667;
Lebanon;2012;66.6666666666667;
Lebanon;2011;63.3333333333333;
Lebanon;2010;56.6666666666667;
Lesotho;2018;72.2222333333333;
Lesotho;2017;62.2222333333333;
Lesotho;2016;57.7778;
Lesotho;2015;65.5556;
Lesotho;2014;72.2222222222222;
Lesotho;2013;73.3333333333333;
Lesotho;2012;72.2222222222222;
Lesotho;2011;65.5555555555556;
Lesotho;2010;65.5555555555556;
Liberia;2018;56.6666666666667;
Liberia;2017;60.0000333333333;
Liberia;2016;57.7777666666667;
Liberia;2015;51.1111;
Liberia;2014;46.6666666666667;
Liberia;2013;47.7777777777778;
Liberia;2012;43.3333333333333;
Liberia;2011;40.0;
Liberia;2010;33.3333333333333;
Libya;2018;29.4444333333333;
Libya;2017;22.2222;
Libya;2016;22.2222;
Libya;2015;22.2222;
Libya;2014;28.8888888888889;
Libya;2013;27.7777777777778;
Libya;2012;36.6666666666667;
Libya;2011;35.5555555555556;
Libya;2010;40.5555555555556;
Liechtenstein;2018;;
Liechtenstein;2017;;
Liechtenstein;2016;;
Liechtenstein;2015;;
Liechtenstein;2014;;
Liechtenstein;2013;;
Liechtenstein;2012;;
Liechtenstein;2011;;
Liechtenstein;2010;;
Lithuania;2018;53.3333333333333;
Lithuania;2017;56.6666666666667;
Lithuania;2016;83.3333333333333;
Lithuania;2015;;
Lithuania;2014;;
Lithuania;2013;;
Lithuania;2012;;
Lithuania;2011;;
Lithuania;2010;;
Luxembourg;2018;;
Luxembourg;2017;;
Luxembourg;2016;;
Luxembourg;2015;;
Luxembourg;2014;;
Luxembourg;2013;;
Luxembourg;2012;;
Luxembourg;2011;;
Luxembourg;2010;;
Macao SAR; China;2018;
Macao SAR; China;2017;
Macao SAR; China;2016;
Macao SAR; China;2015;
Macao SAR; China;2014;
Macao SAR; China;2013;
Macao SAR; China;2012;
Macao SAR; China;2011;
Macao SAR; China;2010;
Madagascar;2018;57.7778;
Madagascar;2017;56.6666666666667;
Madagascar;2016;62.2222333333333;
Madagascar;2015;58.8889;
Madagascar;2014;62.2222222222222;
Madagascar;2013;63.3333333333333;
Madagascar;2012;64.4444444444444;
Madagascar;2011;66.6666666666667;
Madagascar;2010;67.7777777777778;
Malawi;2018;80.0;
Malawi;2017;77.7778;
Malawi;2016;74.4444666666667;
Malawi;2015;75.5555666666667;
Malawi;2014;75.5555555555556;
Malawi;2013;78.8888888888889;
Malawi;2012;74.4444444444444;
Malawi;2011;77.7777777777778;
Malawi;2010;78.8888888888889;
Malaysia;2018;81.1111333333333;
Malaysia;2017;81.1111;
Malaysia;2016;77.7777666666667;
Malaysia;2015;74.4444333333333;
Malaysia;2014;74.4444444444444;
Malaysia;2013;71.1111111111111;
Malaysia;2012;70.0;
Malaysia;2011;76.6666666666667;
Malaysia;2010;80.0;
Maldives;2018;59.9999666666667;
Maldives;2017;52.2222;
Maldives;2016;50.0;
Maldives;2015;55.5555333333333;
Maldives;2014;66.6666666666667;
Maldives;2013;68.8888888888889;
Maldives;2012;71.1111111111111;
Maldives;2011;66.6666666666667;
Maldives;2010;65.5555555555556;
Mali;2018;61.1111333333333;
Mali;2017;65.5555666666667;
Mali;2016;65.5555666666667;
Mali;2015;65.5555666666667;
Mali;2014;66.6666666666667;
Mali;2013;67.7777777777778;
Mali;2012;66.6666666666667;
Mali;2011;63.3333333333333;
Mali;2010;63.3333333333333;
Malta;2018;;
Malta;2017;;
Malta;2016;;
Malta;2015;;
Malta;2014;;
Malta;2013;;
Malta;2012;;
Malta;2011;;
Malta;2010;;
Marshall Islands;2018;32.2222;
Marshall Islands;2017;32.2222;
Marshall Islands;2016;28.8889;
Marshall Islands;2015;37.7777666666667;
Marshall Islands;2014;46.6666666666667;
Marshall Islands;2013;53.3333333333333;
Marshall Islands;2012;53.3333333333333;
Marshall Islands;2011;46.6666666666667;
Marshall Islands;2010;41.1111111111111;
Mauritania;2018;65.5555666666667;
Mauritania;2017;56.6667;
Mauritania;2016;58.8889333333333;
Mauritania;2015;66.6667;
Mauritania;2014;58.8888888888889;
Mauritania;2013;60.0;
Mauritania;2012;56.6666666666667;
Mauritania;2011;63.3333333333333;
Mauritania;2010;62.2222222222222;
Mauritius;2018;75.5555666666667;
Mauritius;2017;85.5555666666667;
Mauritius;2016;91.1111333333333;
Mauritius;2015;93.3333666666667;
Mauritius;2014;85.5555555555555;
Mauritius;2013;75.5555555555556;
Mauritius;2012;80.0;
Mauritius;2011;73.3333333333333;
Mauritius;2010;70.0;
Mexico;2018;96.6666666666667;
Mexico;2017;93.3333666666667;
Mexico;2016;98.8889;
Mexico;2015;92.2222333333333;
Mexico;2014;85.5555555555555;
Mexico;2013;87.7777777777778;
Mexico;2012;87.7777777777778;
Mexico;2011;88.8888888888889;
Mexico;2010;85.5555555555555;
Micronesia; Fed. Sts.;2018;35.5555666666667
Micronesia; Fed. Sts.;2017;32.2222333333333
Micronesia; Fed. Sts.;2016;32.2222333333333
Micronesia; Fed. Sts.;2015;35.5555666666667
Micronesia; Fed. Sts.;2014;36.6666666666667
Micronesia; Fed. Sts.;2013;37.7777777777778
Micronesia; Fed. Sts.;2012;37.7777777777778
Micronesia; Fed. Sts.;2011;27.7777777777778
Micronesia; Fed. Sts.;2010;27.7777777777778
Moldova;2018;90.0000333333333;
Moldova;2017;92.2222333333333;
Moldova;2016;95.5555666666667;
Moldova;2015;95.5555666666667;
Moldova;2014;94.4444444444444;
Moldova;2013;94.4444444444444;
Moldova;2012;91.1111111111111;
Moldova;2011;84.4444444444444;
Moldova;2010;84.4444444444444;
Monaco;2018;;
Monaco;2017;;
Monaco;2016;;
Monaco;2015;;
Monaco;2014;;
Monaco;2013;;
Monaco;2012;;
Monaco;2011;;
Monaco;2010;;
Mongolia;2018;85.5555333333333;
Mongolia;2017;78.8888666666667;
Mongolia;2016;82.2222;
Mongolia;2015;74.4444333333333;
Mongolia;2014;83.3333333333333;
Mongolia;2013;83.3333333333333;
Mongolia;2012;77.7777777777778;
Mongolia;2011;77.7777777777778;
Mongolia;2010;74.4444444444444;
Montenegro;2018;76.6667;
Montenegro;2017;76.6667;
Montenegro;2016;72.2222333333333;
Montenegro;2015;72.2222333333333;
Montenegro;2014;75.5555555555556;
Montenegro;2013;72.2222222222222;
Montenegro;2012;67.7777777777778;
Montenegro;2011;67.7777777777778;
Montenegro;2010;57.7777777777778;
Morocco;2018;73.3333333333333;
Morocco;2017;76.6666333333333;
Morocco;2016;84.4444666666667;
Morocco;2015;81.1111333333333;
Morocco;2014;78.8888888888889;
Morocco;2013;78.8888888888889;
Morocco;2012;72.2222222222222;
Morocco;2011;75.5555555555556;
Morocco;2010;77.7777777777778;
Mozambique;2018;74.4445;
Mozambique;2017;68.8889;
Mozambique;2016;71.1111;
Mozambique;2015;72.2222333333333;
Mozambique;2014;74.4444444444444;
Mozambique;2013;77.7777777777778;
Mozambique;2012;77.7777777777778;
Mozambique;2011;72.2222222222222;
Mozambique;2010;72.2222222222222;
Myanmar;2018;68.8888666666667;
Myanmar;2017;64.4444;
Myanmar;2016;55.5555333333333;
Myanmar;2015;55.5555333333333;
Myanmar;2014;46.6666666666667;
Myanmar;2013;50.0;
Myanmar;2012;48.8888888888889;
Myanmar;2011;51.1111111111111;
Myanmar;2010;52.2222222222222;
Namibia;2018;64.4444666666667;
Namibia;2017;56.6666666666667;
Namibia;2016;58.8889333333333;
Namibia;2015;47.7778;
Namibia;2014;48.8888888888889;
Namibia;2013;54.4444444444444;
Namibia;2012;56.6666666666667;
Namibia;2011;57.7777777777778;
Namibia;2010;52.2222222222222;
Nauru;2018;;
Nauru;2017;;
Nauru;2016;;
Nauru;2015;;
Nauru;2014;;
Nauru;2013;;
Nauru;2012;;
Nauru;2011;;
Nauru;2010;;
Nepal;2018;77.7777666666667;
Nepal;2017;73.3333333333333;
Nepal;2016;70.0000333333333;
Nepal;2015;72.2222333333333;
Nepal;2014;65.5555555555556;
Nepal;2013;61.1111111111111;
Nepal;2012;66.6666666666667;
Nepal;2011;63.3333333333333;
Nepal;2010;64.4444444444444;
Netherlands;2018;;
Netherlands;2017;;
Netherlands;2016;;
Netherlands;2015;;
Netherlands;2014;;
Netherlands;2013;;
Netherlands;2012;;
Netherlands;2011;;
Netherlands;2010;;
New Caledonia;2018;;
New Caledonia;2017;;
New Caledonia;2016;;
New Caledonia;2015;;
New Caledonia;2014;;
New Caledonia;2013;;
New Caledonia;2012;;
New Caledonia;2011;;
New Caledonia;2010;;
New Zealand;2018;;
New Zealand;2017;;
New Zealand;2016;;
New Zealand;2015;;
New Zealand;2014;;
New Zealand;2013;;
New Zealand;2012;;
New Zealand;2011;;
New Zealand;2010;;
Nicaragua;2018;62.2222333333333;
Nicaragua;2017;68.8889;
Nicaragua;2016;70.0;
Nicaragua;2015;70.0;
Nicaragua;2014;65.5555555555556;
Nicaragua;2013;65.5555555555556;
Nicaragua;2012;68.8888888888889;
Nicaragua;2011;71.1111111111111;
Nicaragua;2010;75.5555555555556;
Niger;2018;67.7778;
Niger;2017;72.2222333333333;
Niger;2016;71.1111333333333;
Niger;2015;71.1111333333333;
Niger;2014;67.7777777777778;
Niger;2013;72.2222222222222;
Niger;2012;70.0;
Niger;2011;71.1111111111111;
Niger;2010;67.7777777777778;
Nigeria;2018;68.8888666666667;
Nigeria;2017;63.3333333333333;
Nigeria;2016;67.7777666666667;
Nigeria;2015;71.1111;
Nigeria;2014;72.2222222222222;
Nigeria;2013;72.2222222222222;
Nigeria;2012;74.4444444444444;
Nigeria;2011;73.3333333333333;
Nigeria;2010;68.8888888888889;
North Macedonia;2018;86.6667;
North Macedonia;2017;81.1111333333333;
North Macedonia;2016;81.1111;
North Macedonia;2015;83.3333333333333;
North Macedonia;2014;84.4444444444444;
North Macedonia;2013;80.0;
North Macedonia;2012;80.0;
North Macedonia;2011;78.8888888888889;
North Macedonia;2010;78.8888888888889;
Northern Mariana Islands;2018;;
Northern Mariana Islands;2017;;
Northern Mariana Islands;2016;;
Northern Mariana Islands;2015;;
Northern Mariana Islands;2014;;
Northern Mariana Islands;2013;;
Northern Mariana Islands;2012;;
Northern Mariana Islands;2011;;
Northern Mariana Islands;2010;;
Norway;2018;;
Norway;2017;;
Norway;2016;;
Norway;2015;;
Norway;2014;;
Norway;2013;;
Norway;2012;;
Norway;2011;;
Norway;2010;;
Oman;2018;;
Oman;2017;;
Oman;2016;;
Oman;2015;;
Oman;2014;;
Oman;2013;;
Oman;2012;;
Oman;2011;;
Oman;2010;;
Pakistan;2018;78.8889;
Pakistan;2017;75.5555666666667;
Pakistan;2016;75.5555666666667;
Pakistan;2015;75.5555666666667;
Pakistan;2014;74.4444444444444;
Pakistan;2013;67.7777777777778;
Pakistan;2012;71.1111111111111;
Pakistan;2011;74.4444444444444;
Pakistan;2010;76.6666666666667;
Palau;2018;45.5555333333333;
Palau;2017;45.5555333333333;
Palau;2016;48.8888666666667;
Palau;2015;42.2222;
Palau;2014;36.6666666666667;
Palau;2013;33.3333333333333;
Palau;2012;33.3333333333333;
Palau;2011;30.0;
Palau;2010;34.4444444444444;
Panama;2018;75.5555666666667;
Panama;2017;68.8889;
Panama;2016;73.3333666666667;
Panama;2015;78.8889;
Panama;2014;82.2222222222222;
Panama;2013;75.5555555555556;
Panama;2012;75.5555555555556;
Panama;2011;74.4444444444444;
Panama;2010;78.8888888888889;
Papua New Guinea;2018;59.9999666666667;
Papua New Guinea;2017;43.3333333333333;
Papua New Guinea;2016;50.0;
Papua New Guinea;2015;45.5555666666667;
Papua New Guinea;2014;46.6666666666667;
Papua New Guinea;2013;37.7777777777778;
Papua New Guinea;2012;37.7777777777778;
Papua New Guinea;2011;37.7777777777778;
Papua New Guinea;2010;41.1111111111111;
Paraguay;2018;71.1111;
Paraguay;2017;67.7777666666667;
Paraguay;2016;70.0000333333333;
Paraguay;2015;72.2222333333333;
Paraguay;2014;71.1111111111111;
Paraguay;2013;71.1111111111111;
Paraguay;2012;70.0;
Paraguay;2011;70.0;
Paraguay;2010;70.0;
Peru;2018;90.0;
Peru;2017;90.0;
Peru;2016;93.3333333333333;
Peru;2015;93.3333333333333;
Peru;2014;98.8888888888889;
Peru;2013;88.8888888888889;
Peru;2012;83.3333333333333;
Peru;2011;81.1111111111111;
Peru;2010;81.1111111111111;
Philippines;2018;82.2222;
Philippines;2017;82.2222;
Philippines;2016;82.2222;
Philippines;2015;82.2222;
Philippines;2014;77.7777777777778;
Philippines;2013;84.4444444444444;
Philippines;2012;83.3333333333333;
Philippines;2011;88.8888888888889;
Philippines;2010;88.8888888888889;
Poland;2018;76.6666666666667;
Poland;2017;77.7778;
Poland;2016;77.7778;
Poland;2015;85.5555666666667;
Poland;2014;78.8888888888889;
Poland;2013;84.4444444444444;
Poland;2012;82.2222222222222;
Poland;2011;82.2222222222222;
Poland;2010;85.5555555555556;
Portugal;2018;;
Portugal;2017;;
Portugal;2016;;
Portugal;2015;;
Portugal;2014;;
Portugal;2013;;
Portugal;2012;;
Portugal;2011;;
Portugal;2010;;
Puerto Rico;2018;;
Puerto Rico;2017;;
Puerto Rico;2016;;
Puerto Rico;2015;;
Puerto Rico;2014;;
Puerto Rico;2013;;
Puerto Rico;2012;;
Puerto Rico;2011;;
Puerto Rico;2010;;
Qatar;2018;;
Qatar;2017;;
Qatar;2016;;
Qatar;2015;;
Qatar;2014;;
Qatar;2013;;
Qatar;2012;;
Qatar;2011;;
Qatar;2010;;
Romania;2018;77.7778;
Romania;2017;81.1111333333333;
Romania;2016;77.7778;
Romania;2015;82.2222333333333;
Romania;2014;87.7777777777778;
Romania;2013;86.6666666666667;
Romania;2012;92.2222222222222;
Romania;2011;95.5555555555556;
Romania;2010;95.5555555555556;
Russian Federation;2018;82.2222333333333;
Russian Federation;2017;83.3333333333333;
Russian Federation;2016;81.1111333333333;
Russian Federation;2015;81.1111333333333;
Russian Federation;2014;84.4444444444444;
Russian Federation;2013;82.2222222222222;
Russian Federation;2012;82.2222222222222;
Russian Federation;2011;90.0;
Russian Federation;2010;87.7777777777778;
Rwanda;2018;78.8889;
Rwanda;2017;77.7778;
Rwanda;2016;70.0000333333333;
Rwanda;2015;73.3333666666667;
Rwanda;2014;78.8888888888889;
Rwanda;2013;73.3333333333333;
Rwanda;2012;76.6666666666667;
Rwanda;2011;67.7777777777778;
Rwanda;2010;67.7777777777778;
Samoa;2018;65.5555666666667;
Samoa;2017;57.7778;
Samoa;2016;54.4444666666667;
Samoa;2015;53.3333666666667;
Samoa;2014;53.3333333333333;
Samoa;2013;53.3333333333333;
Samoa;2012;51.1111111111111;
Samoa;2011;48.8888888888889;
Samoa;2010;48.8888888888889;
San Marino;2018;;
San Marino;2017;;
San Marino;2016;;
San Marino;2015;;
San Marino;2014;;
San Marino;2013;;
San Marino;2012;;
San Marino;2011;;
San Marino;2010;;
Sao Tome and Principe;2018;73.3333333333333;
Sao Tome and Principe;2017;70.0;
Sao Tome and Principe;2016;60.0000333333333;
Sao Tome and Principe;2015;65.5555666666667;
Sao Tome and Principe;2014;68.8888888888889;
Sao Tome and Principe;2013;70.0;
Sao Tome and Principe;2012;63.3333333333333;
Sao Tome and Principe;2011;61.1111111111111;
Sao Tome and Principe;2010;61.1111111111111;
Saudi Arabia;2018;;
Saudi Arabia;2017;;
Saudi Arabia;2016;;
Saudi Arabia;2015;;
Saudi Arabia;2014;;
Saudi Arabia;2013;;
Saudi Arabia;2012;;
Saudi Arabia;2011;;
Saudi Arabia;2010;;
Senegal;2018;85.5555666666667;
Senegal;2017;76.6666666666667;
Senegal;2016;75.5555666666667;
Senegal;2015;75.5555666666667;
Senegal;2014;73.3333333333333;
Senegal;2013;71.1111111111111;
Senegal;2012;63.3333333333333;
Senegal;2011;66.6666666666667;
Senegal;2010;73.3333333333333;
Serbia;2018;86.6666666666667;
Serbia;2017;93.3333333333333;
Serbia;2016;90.0;
Serbia;2015;90.0;
Serbia;2014;92.3333333333333;
Serbia;2013;91.1111111111111;
Serbia;2012;83.3333333333333;
Serbia;2011;83.3333333333333;
Serbia;2010;75.5533333333333;
Seychelles;2018;75.5555333333333;
Seychelles;2017;78.8888666666667;
Seychelles;2016;69.9999666666667;
Seychelles;2015;65.5555333333333;
Seychelles;2014;62.2222222222222;
Seychelles;2013;65.5555555555556;
Seychelles;2012;63.3333333333333;
Seychelles;2011;56.6666666666667;
Seychelles;2010;58.8888888888889;
Sierra Leone;2018;62.2222333333333;
Sierra Leone;2017;58.8889;
Sierra Leone;2016;63.3333666666667;
Sierra Leone;2015;63.3333666666667;
Sierra Leone;2014;58.8888888888889;
Sierra Leone;2013;58.8888888888889;
Sierra Leone;2012;54.4444444444444;
Sierra Leone;2011;48.8888888888889;
Sierra Leone;2010;52.2222222222222;
Singapore;2018;;
Singapore;2017;;
Singapore;2016;;
Singapore;2015;;
Singapore;2014;;
Singapore;2013;;
Singapore;2012;;
Singapore;2011;;
Singapore;2010;;
Sint Maarten (Dutch part);2018;;
Sint Maarten (Dutch part);2017;;
Sint Maarten (Dutch part);2016;;
Sint Maarten (Dutch part);2015;;
Sint Maarten (Dutch part);2014;;
Sint Maarten (Dutch part);2013;;
Sint Maarten (Dutch part);2012;;
Sint Maarten (Dutch part);2011;;
Sint Maarten (Dutch part);2010;;
Slovak Republic;2018;54.4444666666667;
Slovak Republic;2017;56.6666666666667;
Slovak Republic;2016;83.3333333333333;
Slovak Republic;2015;86.6666666666667;
Slovak Republic;2014;83.3333333333333;
Slovak Republic;2013;86.6666666666667;
Slovak Republic;2012;83.3333333333333;
Slovak Republic;2011;83.3333333333333;
Slovak Republic;2010;83.3333333333333;
Slovenia;2018;;
Slovenia;2017;;
Slovenia;2016;;
Slovenia;2015;;
Slovenia;2014;;
Slovenia;2013;;
Slovenia;2012;;
Slovenia;2011;;
Slovenia;2010;;
Solomon Islands;2018;58.8889;
Solomon Islands;2017;52.2222;
Solomon Islands;2016;48.8888666666667;
Solomon Islands;2015;48.8888666666667;
Solomon Islands;2014;53.3333333333333;
Solomon Islands;2013;50.0;
Solomon Islands;2012;42.2222222222222;
Solomon Islands;2011;42.2222222222222;
Solomon Islands;2010;40.0;
Somalia;2018;30.0;
Somalia;2017;23.3333333333333;
Somalia;2016;20.0;
Somalia;2015;20.0;
Somalia;2014;20.0;
Somalia;2013;24.4444444444444;
Somalia;2012;26.6666666666667;
Somalia;2011;23.3333333333333;
Somalia;2010;26.6666666666667;
South Africa;2018;82.2222333333333;
South Africa;2017;75.5555666666667;
South Africa;2016;82.2222333333333;
South Africa;2015;81.1111;
South Africa;2014;74.4444444444444;
South Africa;2013;76.6666666666667;
South Africa;2012;72.2222222222222;
South Africa;2011;81.1111111111111;
South Africa;2010;82.2222222222222;
South Sudan;2018;37.7777666666667;
South Sudan;2017;43.3333333333333;
South Sudan;2016;37.7778;
South Sudan;2015;34.4444666666667;
South Sudan;2014;29.4444444444444;
South Sudan;2013;26.1111111111111;
South Sudan;2012;;
South Sudan;2011;;
South Sudan;2010;;
Spain;2018;;
Spain;2017;;
Spain;2016;;
Spain;2015;;
Spain;2014;;
Spain;2013;;
Spain;2012;;
Spain;2011;;
Spain;2010;;
Sri Lanka;2018;86.6666666666667;
Sri Lanka;2017;83.3333333333333;
Sri Lanka;2016;83.3333333333333;
Sri Lanka;2015;73.3333333333333;
Sri Lanka;2014;78.8888888888889;
Sri Lanka;2013;78.8888888888889;
Sri Lanka;2012;78.8888888888889;
Sri Lanka;2011;76.6666666666667;
Sri Lanka;2010;76.6666666666667;
St. Kitts and Nevis;2018;43.3333333333333;
St. Kitts and Nevis;2017;50.0;
St. Kitts and Nevis;2016;53.3333333333333;
St. Kitts and Nevis;2015;56.6666666666667;
St. Kitts and Nevis;2014;52.2222222222222;
St. Kitts and Nevis;2013;50.0;
St. Kitts and Nevis;2012;54.4444444444444;
St. Kitts and Nevis;2011;61.1111111111111;
St. Kitts and Nevis;2010;61.1111111111111;
St. Lucia;2018;61.1111;
St. Lucia;2017;57.7777666666667;
St. Lucia;2016;64.4444333333333;
St. Lucia;2015;61.1111;
St. Lucia;2014;66.6666666666667;
St. Lucia;2013;63.3333333333333;
St. Lucia;2012;63.3333333333333;
St. Lucia;2011;60.0;
St. Lucia;2010;60.0;
St. Martin (French part);2018;;
St. Martin (French part);2017;;
St. Martin (French part);2016;;
St. Martin (French part);2015;;
St. Martin (French part);2014;;
St. Martin (French part);2013;;
St. Martin (French part);2012;;
St. Martin (French part);2011;;
St. Martin (French part);2010;;
St. Vincent and the Grenadines;2018;56.6666666666667;
St. Vincent and the Grenadines;2017;56.6666666666667;
St. Vincent and the Grenadines;2016;60.0;
St. Vincent and the Grenadines;2015;55.5555666666667;
St. Vincent and the Grenadines;2014;55.5555555555556;
St. Vincent and the Grenadines;2013;46.6666666666667;
St. Vincent and the Grenadines;2012;53.3333333333333;
St. Vincent and the Grenadines;2011;53.3333333333333;
St. Vincent and the Grenadines;2010;54.4444444444444;
Sudan;2018;65.5555666666667;
Sudan;2017;66.6666666666667;
Sudan;2016;63.3333666666667;
Sudan;2015;51.1111;
Sudan;2014;43.3333333333333;
Sudan;2013;40.0;
Sudan;2012;43.3333333333333;
Sudan;2011;44.4444444444444;
Sudan;2010;44.4444444444444;
Suriname;2018;71.1111333333333;
Suriname;2017;72.2222333333333;
Suriname;2016;65.5555666666667;
Suriname;2015;62.2222666666667;
Suriname;2014;63.3333333333333;
Suriname;2013;63.3333333333333;
Suriname;2012;64.4444444444444;
Suriname;2011;73.3333333333333;
Suriname;2010;71.1111111111111;
Sweden;2018;;
Sweden;2017;;
Sweden;2016;;
Sweden;2015;;
Sweden;2014;;
Sweden;2013;;
Sweden;2012;;
Sweden;2011;;
Sweden;2010;;
Switzerland;2018;;
Switzerland;2017;;
Switzerland;2016;;
Switzerland;2015;;
Switzerland;2014;;
Switzerland;2013;;
Switzerland;2012;;
Switzerland;2011;;
Switzerland;2010;;
Syrian Arab Republic;2018;33.3333333333333;
Syrian Arab Republic;2017;32.2222333333333;
Syrian Arab Republic;2016;37.7778;
Syrian Arab Republic;2015;47.7777666666667;
Syrian Arab Republic;2014;44.4444444444444;
Syrian Arab Republic;2013;43.3333333333333;
Syrian Arab Republic;2012;52.2222222222222;
Syrian Arab Republic;2011;60.0;
Syrian Arab Republic;2010;56.6666666666667;
Tajikistan;2018;76.6666666666667;
Tajikistan;2017;77.7778;
Tajikistan;2016;81.1111333333333;
Tajikistan;2015;81.1111333333333;
Tajikistan;2014;75.5555555555556;
Tajikistan;2013;75.5555555555556;
Tajikistan;2012;75.5555555555556;
Tajikistan;2011;75.5555555555556;
Tajikistan;2010;74.4444444444444;
Tanzania;2018;71.1111;
Tanzania;2017;71.1111;
Tanzania;2016;73.3333666666667;
Tanzania;2015;75.5556;
Tanzania;2014;72.2222222222222;
Tanzania;2013;72.2222222222222;
Tanzania;2012;72.2222222222222;
Tanzania;2011;72.2222222222222;
Tanzania;2010;67.7777777777778;
Thailand;2018;82.2222333333333;
Thailand;2017;90.0;
Thailand;2016;85.5555666666667;
Thailand;2015;85.5555666666667;
Thailand;2014;83.3333333333333;
Thailand;2013;80.0;
Thailand;2012;82.2222222222222;
Thailand;2011;83.3333333333333;
Thailand;2010;80.0;
Timor-Leste;2018;71.1111333333333;
Timor-Leste;2017;64.4444333333333;
Timor-Leste;2016;66.6666666666667;
Timor-Leste;2015;62.2222333333333;
Timor-Leste;2014;64.4444444444444;
Timor-Leste;2013;53.3333333333333;
Timor-Leste;2012;46.6666666666667;
Timor-Leste;2011;52.2222222222222;
Timor-Leste;2010;55.5555555555556;
Togo;2018;72.2222333333333;
Togo;2017;70.0;
Togo;2016;68.8889;
Togo;2015;65.5555666666667;
Togo;2014;64.4444444444444;
Togo;2013;63.3333333333333;
Togo;2012;56.6666666666667;
Togo;2011;54.4444444444444;
Togo;2010;51.1111111111111;
Tonga;2018;55.5555333333333;
Tonga;2017;52.2222;
Tonga;2016;52.2222;
Tonga;2015;47.7777666666667;
Tonga;2014;50.0;
Tonga;2013;46.6666666666667;
Tonga;2012;58.8888888888889;
Tonga;2011;58.8888888888889;
Tonga;2010;58.8888888888889;
Trinidad and Tobago;2018;47.7777666666667;
Trinidad and Tobago;2017;46.6666666666667;
Trinidad and Tobago;2016;61.1111;
Trinidad and Tobago;2015;56.6666666666667;
Trinidad and Tobago;2014;62.2222222222222;
Trinidad and Tobago;2013;70.0;
Trinidad and Tobago;2012;67.7777777777778;
Trinidad and Tobago;2011;71.1111111111111;
Trinidad and Tobago;2010;71.1111111111111;
Tunisia;2018;63.3333666666667;
Tunisia;2017;62.2222333333333;
Tunisia;2016;76.6667;
Tunisia;2015;76.6667333333333;
Tunisia;2014;72.2222222222222;
Tunisia;2013;73.3333333333333;
Tunisia;2012;74.4444444444444;
Tunisia;2011;77.7777777777778;
Tunisia;2010;78.8888888888889;
Turkey;2018;76.6667;
Turkey;2017;85.5555666666667;
Turkey;2016;77.7778;
Turkey;2015;82.2222333333333;
Turkey;2014;84.4444444444444;
Turkey;2013;85.5555555555556;
Turkey;2012;84.4444444444444;
Turkey;2011;85.5555555555555;
Turkey;2010;84.4444444444444;
Turkmenistan;2018;36.1111;
Turkmenistan;2017;35.5555333333333;
Turkmenistan;2016;34.4444333333333;
Turkmenistan;2015;33.3333333333333;
Turkmenistan;2014;43.3333333333333;
Turkmenistan;2013;43.3333333333333;
Turkmenistan;2012;44.4444444444444;
Turkmenistan;2011;38.8888888888889;
Turkmenistan;2010;38.8888888888889;
Turks and Caicos Islands;2018;;
Turks and Caicos Islands;2017;;
Turks and Caicos Islands;2016;;
Turks and Caicos Islands;2015;;
Turks and Caicos Islands;2014;;
Turks and Caicos Islands;2013;;
Turks and Caicos Islands;2012;;
Turks and Caicos Islands;2011;;
Turks and Caicos Islands;2010;;
Tuvalu;2018;45.5555;
Tuvalu;2017;38.8888333333333;
Tuvalu;2016;39.9999666666667;
Tuvalu;2015;37.7777666666667;
Tuvalu;2014;33.3333333333333;
Tuvalu;2013;30.0;
Tuvalu;2012;;
Tuvalu;2011;;
Tuvalu;2010;;
Uganda;2018;74.4444666666667;
Uganda;2017;74.4444666666667;
Uganda;2016;68.8889333333333;
Uganda;2015;72.2222666666667;
Uganda;2014;64.4444444444444;
Uganda;2013;73.3333333333333;
Uganda;2012;67.7777777777778;
Uganda;2011;70.0;
Uganda;2010;70.0;
Ukraine;2018;77.7778;
Ukraine;2017;77.7778;
Ukraine;2016;83.3333333333333;
Ukraine;2015;91.1111;
Ukraine;2014;91.1111111111111;
Ukraine;2013;91.1111111111111;
Ukraine;2012;92.2222222222222;
Ukraine;2011;88.8888888888889;
Ukraine;2010;87.7777777777778;
United Arab Emirates;2018;;
United Arab Emirates;2017;;
United Arab Emirates;2016;;
United Arab Emirates;2015;;
United Arab Emirates;2014;;
United Arab Emirates;2013;;
United Arab Emirates;2012;;
United Arab Emirates;2011;;
United Arab Emirates;2010;;
United Kingdom;2018;;
United Kingdom;2017;;
United Kingdom;2016;;
United Kingdom;2015;;
United Kingdom;2014;;
United Kingdom;2013;;
United Kingdom;2012;;
United Kingdom;2011;;
United Kingdom;2010;;
United States;2018;;
United States;2017;;
United States;2016;;
United States;2015;;
United States;2014;;
United States;2013;;
United States;2012;;
United States;2011;;
United States;2010;;
Uruguay;2018;84.4444666666667;
Uruguay;2017;85.5555333333333;
Uruguay;2016;88.8888666666667;
Uruguay;2015;88.8888666666667;
Uruguay;2014;90.0;
Uruguay;2013;92.2222222222222;
Uruguay;2012;94.4444444444444;
Uruguay;2011;94.4444444444444;
Uruguay;2010;95.5555555555555;
Uzbekistan;2018;54.4;
Uzbekistan;2017;51.1111;
Uzbekistan;2016;48.8888333333333;
Uzbekistan;2015;51.1111333333333;
Uzbekistan;2014;54.4444444444444;
Uzbekistan;2013;57.7777777777778;
Uzbekistan;2012;57.7777777777778;
Uzbekistan;2011;61.1111111111111;
Uzbekistan;2010;61.1111111111111;
Vanuatu;2018;55.5555333333333;
Vanuatu;2017;52.2222;
Vanuatu;2016;50.0;
Vanuatu;2015;45.5555666666667;
Vanuatu;2014;43.3333333333333;
Vanuatu;2013;43.3333333333333;
Vanuatu;2012;47.7777777777778;
Vanuatu;2011;53.3333333333333;
Vanuatu;2010;42.2222222222222;
Venezuela; RB;2018;57.7778
Venezuela; RB;2017;68.8889
Venezuela; RB;2016;82.2222333333333
Venezuela; RB;2015;82.2222333333333
Venezuela; RB;2014;81.1111111111111
Venezuela; RB;2013;80.0
Venezuela; RB;2012;77.7777777777778
Venezuela; RB;2011;78.8888888888889
Venezuela; RB;2010;83.3333333333333
Vietnam;2018;86.6666666666667;
Vietnam;2017;83.3333333333333;
Vietnam;2016;82.2222333333333;
Vietnam;2015;82.2222333333333;
Vietnam;2014;76.6666666666667;
Vietnam;2013;74.4444444444444;
Vietnam;2012;71.1111111111111;
Vietnam;2011;71.1111111111111;
Vietnam;2010;64.4444444444444;
Virgin Islands (U.S.);2018;;
Virgin Islands (U.S.);2017;;
Virgin Islands (U.S.);2016;;
Virgin Islands (U.S.);2015;;
Virgin Islands (U.S.);2014;;
Virgin Islands (U.S.);2013;;
Virgin Islands (U.S.);2012;;
Virgin Islands (U.S.);2011;;
Virgin Islands (U.S.);2010;;
West Bank and Gaza;2018;66.6666666666667;
West Bank and Gaza;2017;80.0;
West Bank and Gaza;2016;70.0;
West Bank and Gaza;2015;80.0;
West Bank and Gaza;2014;82.2222222222222;
West Bank and Gaza;2013;83.3333333333333;
West Bank and Gaza;2012;74.4444444444444;
West Bank and Gaza;2011;67.7777777777778;
West Bank and Gaza;2010;42.2222222222222;
Yemen; Rep.;2018;37.7778333333333
Yemen; Rep.;2017;44.4444666666667
Yemen; Rep.;2016;47.7778333333333
Yemen; Rep.;2015;55.5556
Yemen; Rep.;2014;55.5555555555556
Yemen; Rep.;2013;52.2222222222222
Yemen; Rep.;2012;46.6666666666667
Yemen; Rep.;2011;47.7777777777778
Yemen; Rep.;2010;48.8888888888889
Zambia;2018;62.2222333333333;
Zambia;2017;52.2222333333333;
Zambia;2016;53.3333666666667;
Zambia;2015;60.0000333333333;
Zambia;2014;60.0;
Zambia;2013;56.6666666666667;
Zambia;2012;62.2222222222222;
Zambia;2011;60.0;
Zambia;2010;57.7777777777778;
Zimbabwe;2018;66.6666333333333;
Zimbabwe;2017;59.9999666666667;
Zimbabwe;2016;55.5555333333333;
Zimbabwe;2015;62.2222;
Zimbabwe;2014;57.7777777777778;
Zimbabwe;2013;54.4444444444444;
Zimbabwe;2012;53.3333333333333;
Zimbabwe;2011;54.4444444444444;
Zimbabwe;2010;51.1111111111111;